<?xml version="1.0" encoding="UTF-8" standalone="yes"?>
<addon id="repository.squidiums.xbmc-plugins" name="Squidiums Add-on Repository" version="1.0.0" provider-name="squidiums">
	<extension point="xbmc.addon.repository" name="Squidiums Add-on Repository">
		<info compressed="false">http://xbmc-squidiums.googlecode.com/git/addons.xml</info>
		<checksum>http://xbmc-squidiums.googlecode.com/git/addons.xml.md5</checksum>
		<datadir zip="false">http://xbmc-squidiums.googlecode.com/git/</datadir>
	</extension>
	<extension point="xbmc.addon.metadata">
		<summary>Install Add-ons from Squidiums Add-on Repository</summary>
		<description>Miscellaneous plug-ins for XBMC</description>
		<disclaimer></disclaimer>
		<platform>all</platform>
	</extension>
</addon>
